Pitcher,PitcherId,Batter,BatterId,TaggedPitchType,RelSpeed,VertApprAngle,HorzApprAngle,ExitSpeed,Distance
,,,,,,,,,
"Cancellieri, Dominic",1000060883,"Smith, David",1000090517,Fastball,90.42742,-5.038307,0.310298,,
,,,,,,,,,
"Cancellieri, Dominic",1000060883,"Smith, David",1000090517,Curveball,74.95689,-10.61164,-1.297938,,
,,,,,,,,,
"Cancellieri, Dominic",1000060883,"Smith, David",1000090517,Fastball,91.20473,-5.092859,-0.1992,,
,,,,,,,,,
"Cancellieri, Dominic",1000060883,"Tammaro, Paul",1000187106,Fastball,91.82379,-5.185564,-0.489704,,
,,,,,,,,,
"Cancellieri, Dominic",1000060883,"Tammaro, Paul",1000187106,Fastball,91.60017,-5.339874,-0.057666,31.94118,
,,,,,,,,,
"Cancellieri, Dominic",1000060883,"Freeberger, Dominic",1000058975,Fastball,91.17085,-6.661962,-0.087781,,
,,,,,,,,,
"Cancellieri, Dominic",1000060883,"Freeberger, Dominic",1000058975,Fastball,91.0871,-6.534122,-0.130778,,
,,,,,,,,,
"Cancellieri, Dominic",1000060883,"Freeberger, Dominic",1000058975,Fastball,90.51649,-4.796639,1.685037,67.12161,199.63423
,,,,,,,,,
"Cancellieri, Dominic",1000060883,"Huber, Ben",1000122962,Fastball,92.57316,-5.292394,0.229521,73.27086,
,,,,,,,,,
"Cancellieri, Dominic",1000060883,"Huber, Ben",1000122962,Fastball,91.24863,-5.786751,1.856607,,
,,,,,,,,,
"Cancellieri, Dominic",1000060883,"Huber, Ben",1000122962,Fastball,91.24187,-7.127033,0.878648,,
,,,,,,,,,
"Cancellieri, Dominic",1000060883,"Huber, Ben",1000122962,ChangeUp,82.39143,-6.147769,0.413099,,
,,,,,,,,,
"Cancellieri, Dominic",1000060883,"Huber, Ben",1000122962,Fastball,91.55762,-5.029933,0.516139,76.33934,219.87101
,,,,,,,,,
"Cancellieri, Dominic",1000060883,"Huber, Ben",1000122962,Fastball,91.45126,-4.177199,-0.558317,,
,,,,,,,,,
"Cancellieri, Dominic",1000060883,"Huber, Ben",1000122962,ChangeUp,82.79127,-5.738874,-0.703075,,
,,,,,,,,,
"Quigley, Stephen",1000132354,"Meggs, Andrew",8898701,Fastball,91.73707,-5.93565,-1.670964,,
,,,,,,,,,
"Quigley, Stephen",1000132354,"Meggs, Andrew",8898701,Fastball,92.96037,-6.627812,-1.442258,,
,,,,,,,,,
"Quigley, Stephen",1000132354,"Meggs, Andrew",8898701,Fastball,91.7297,-4.662228,-0.312319,,
,,,,,,,,,
"Quigley, Stephen",1000132354,"Meggs, Andrew",8898701,Slider,81.64792,-10.032371,-3.821466,,
,,,,,,,,,
"Quigley, Stephen",1000132354,"Meggs, Andrew",8898701,Fastball,93.28115,-5.718141,1.512366,,
,,,,,,,,,
"Quigley, Stephen",1000132354,"Meggs, Andrew",8898701,Fastball,92.5803,-6.754448,-0.20702,,
,,,,,,,,,
"Quigley, Stephen",1000132354,"Clifford, Nolan",1000099330,Fastball,91.12614,-5.963622,-0.51099,,
,,,,,,,,,
"Quigley, Stephen",1000132354,"Clifford, Nolan",1000099330,Fastball,92.1016,-4.965375,-0.502495,,
,,,,,,,,,
"Quigley, Stephen",1000132354,"Clifford, Nolan",1000099330,ChangeUp,84.38021,-6.853117,0.590183,,
,,,,,,,,,
"Quigley, Stephen",1000132354,"Clifford, Nolan",1000099330,ChangeUp,84.02282,-7.30839,1.148272,,
,,,,,,,,,
"Quigley, Stephen",1000132354,"Lozano, Tyler",1000013465,Slider,82.46664,-6.360064,-2.71311,,
,,,,,,,,,
"Quigley, Stephen",1000132354,"Lozano, Tyler",1000013465,Fastball,91.86375,-5.198483,-0.91287,,
,,,,,,,,,
"Quigley, Stephen",1000132354,"Lozano, Tyler",1000013465,Fastball,93.48889,-3.976604,-1.359235,,
,,,,,,,,,
"Quigley, Stephen",1000132354,"Lozano, Tyler",1000013465,Slider,82.32547,-7.847193,-2.715517,92.0203,132.24514
,,,,,,,,,
"Cancellieri, Dominic",1000060883,"Studley, Jake",1000132385,Fastball,89.56244,-4.870974,-0.809774,,
,,,,,,,,,
"Cancellieri, Dominic",1000060883,"Studley, Jake",1000132385,ChangeUp,80.31445,-8.19448,-0.442943,,
,,,,,,,,,
"Cancellieri, Dominic",1000060883,"Studley, Jake",1000132385,Fastball,90.60006,-4.6203,-0.038322,,
,,,,,,,,,
"Cancellieri, Dominic",1000060883,"Studley, Jake",1000132385,Fastball,90.47876,-6.974206,0.297046,,
,,,,,,,,,
"Cancellieri, Dominic",1000060883,"Studley, Jake",1000132385,Fastball,90.92149,-7.099406,-1.596579,,
,,,,,,,,,
"Cancellieri, Dominic",1000060883,"Broadhurst, Luke",1000133864,Curveball,76.33058,-11.347406,-1.664845,,
,,,,,,,,,
"Cancellieri, Dominic",1000060883,"Broadhurst, Luke",1000133864,Fastball,90.43026,-4.856814,0.611747,,
,,,,,,,,,
"Cancellieri, Dominic",1000060883,"Broadhurst, Luke",1000133864,Fastball,91.09689,-5.413016,0.911269,,
,,,,,,,,,
"Cancellieri, Dominic",1000060883,"Broadhurst, Luke",1000133864,Fastball,91.44708,-4.69794,0.213377,,
,,,,,,,,,
"Cancellieri, Dominic",1000060883,"Broadhurst, Luke",1000133864,Slider,81.6225,-8.807783,-2.139706,,
,,,,,,,,,
"Cancellieri, Dominic",1000060883,"Broadhurst, Luke",1000133864,Fastball,91.4991,-6.229622,1.678828,44.51727,2.72199
,,,,,,,,,
"Cancellieri, Dominic",1000060883,"Broadhurst, Luke",1000133864,Fastball,90.16273,-4.584801,0.609898,,
,,,,,,,,,
"Cancellieri, Dominic",1000060883,"Morton, Korey",1000099613,Fastball,91.51134,-4.520286,-1.929193,,
,,,,,,,,,
"Cancellieri, Dominic",1000060883,"Morton, Korey",1000099613,Slider,80.67984,-7.565674,-2.263046,,
,,,,,,,,,
"Cancellieri, Dominic",1000060883,"Morton, Korey",1000099613,Fastball,91.39307,-5.515744,-1.102609,,
,,,,,,,,,
"Cancellieri, Dominic",1000060883,"Morton, Korey",1000099613,Fastball,89.36153,-5.264351,1.150204,,
,,,,,,,,,
"Cancellieri, Dominic",1000060883,"Morton, Korey",1000099613,Fastball,90.55068,-5.717246,-0.619922,,
,,,,,,,,,
"Cancellieri, Dominic",1000060883,"Morton, Korey",1000099613,Fastball,90.88898,-5.202384,-0.008569,74.32709,
,,,,,,,,,
"Cancellieri, Dominic",1000060883,"Morton, Korey",1000099613,ChangeUp,82.35202,-7.402403,-0.493519,,
,,,,,,,,,
"Cancellieri, Dominic",1000060883,"Morton, Korey",1000099613,Fastball,90.97546,-5.66757,0.039885,105.55075,291.57326
,,,,,,,,,
"Cancellieri, Dominic",1000060883,"Garbowski, Matthew",1000090804,Fastball,89.17846,-4.674438,1.927874,,
,,,,,,,,,
"Cancellieri, Dominic",1000060883,"Garbowski, Matthew",1000090804,Fastball,89.6782,-6.340037,1.562965,,
,,,,,,,,,
"Cancellieri, Dominic",1000060883,"Garbowski, Matthew",1000090804,ChangeUp,81.38162,-5.985511,0.894122,73.31606,131.87092
,,,,,,,,,
"Cancellieri, Dominic",1000060883,"Padilla, Bryan",1000122972,Slider,81.05702,-8.486793,-1.207423,96.99949,22.29381
,,,,,,,,,
"Cancellieri, Dominic",1000060883,"Smith, David",1000090517,Fastball,90.55275,-4.901856,1.338713,57.0299,127.98239
,,,,,,,,,
"Cancellieri, Dominic",1000060883,"Smith, David",1000090517,ChangeUp,81.27423,-6.965119,1.395005,61.55581,172.50824
,,,,,,,,,
"Quigley, Stephen",1000132354,"Grace, Jack",1000078696,Slider,,,,,
,,,,,,,,,
"Quigley, Stephen",1000132354,"Grace, Jack",1000078696,Slider,80.14395,-9.362388,-4.633867,,
,,,,,,,,,
"Quigley, Stephen",1000132354,"Grace, Jack",1000078696,Slider,80.00991,-9.062865,-2.473914,,
,,,,,,,,,
"Quigley, Stephen",1000132354,"Grace, Jack",1000078696,Slider,81.54956,-8.652823,-4.578575,,
,,,,,,,,,
"Quigley, Stephen",1000132354,"Grace, Jack",1000078696,Fastball,92.38354,-4.870576,0.465173,,
,,,,,,,,,
"Quigley, Stephen",1000132354,"Hayes, Sterling",8900099,Slider,83.09414,-7.991577,-3.262687,,
,,,,,,,,,
"Quigley, Stephen",1000132354,"Hayes, Sterling",8900099,Slider,81.56569,-9.224672,-4.247177,,
,,,,,,,,,
"Quigley, Stephen",1000132354,"Hayes, Sterling",8900099,Slider,80.45421,-8.474408,-1.568057,,
,,,,,,,,,
"Quigley, Stephen",1000132354,"Hayes, Sterling",8900099,Fastball,92.37816,-6.057226,0.25069,,
,,,,,,,,,
"Quigley, Stephen",1000132354,"Hayes, Sterling",8900099,Fastball,92.11049,-6.204831,-1.284369,,
,,,,,,,,,
"Quigley, Stephen",1000132354,"Sailors, Nolan",1000121572,Fastball,91.80283,-5.99363,0.488746,,
,,,,,,,,,
"Quigley, Stephen",1000132354,"Sailors, Nolan",1000121572,ChangeUp,86.56858,-6.531717,0.340284,,
,,,,,,,,,
"Cancellieri, Dominic",1000060883,"Tammaro, Paul",1000187106,Fastball,89.04741,-4.106006,0.555317,,
,,,,,,,,,
"Cancellieri, Dominic",1000060883,"Tammaro, Paul",1000187106,Fastball,90.02133,-6.079988,-0.197797,,
,,,,,,,,,
"Cancellieri, Dominic",1000060883,"Tammaro, Paul",1000187106,Slider,82.04089,-10.425175,-3.196888,,
,,,,,,,,,
"Cancellieri, Dominic",1000060883,"Tammaro, Paul",1000187106,Fastball,90.0909,-4.923262,0.222956,99.84405,277.03759
,,,,,,,,,
"Cancellieri, Dominic",1000060883,"Freeberger, Dominic",1000058975,ChangeUp,81.46556,-9.121434,-0.298973,,
,,,,,,,,,
"Cancellieri, Dominic",1000060883,"Freeberger, Dominic",1000058975,Fastball,89.18374,-5.58284,1.452839,72.5297,10.55703
,,,,,,,,,
"Cancellieri, Dominic",1000060883,"Huber, Ben",1000122962,ChangeUp,81.38095,-7.319195,-1.216354,,
,,,,,,,,,
"Cancellieri, Dominic",1000060883,"Huber, Ben",1000122962,Fastball,90.26528,-7.043244,-0.08,,
,,,,,,,,,
"Cancellieri, Dominic",1000060883,"Huber, Ben",1000122962,ChangeUp,81.06016,-7.710117,0.72783,,
,,,,,,,,,
"Cancellieri, Dominic",1000060883,"Huber, Ben",1000122962,Fastball,89.49593,-6.053396,1.906367,,
,,,,,,,,,
"Cancellieri, Dominic",1000060883,"Huber, Ben",1000122962,Fastball,90.73055,-5.054302,0.537188,104.24376,19.20281
,,,,,,,,,
"Quigley, Stephen",1000132354,"Canales, Colby",1000052536,Slider,,,,,
,,,,,,,,,
"Quigley, Stephen",1000132354,"Canales, Colby",1000052536,Slider,79.90326,-8.449481,-3.212434,,
,,,,,,,,,
"Quigley, Stephen",1000132354,"Canales, Colby",1000052536,Fastball,90.57894,-5.798321,-0.738284,,
,,,,,,,,,
"Quigley, Stephen",1000132354,"Canales, Colby",1000052536,Slider,82.05983,-7.246464,-4.246034,,
,,,,,,,,,
"Quigley, Stephen",1000132354,"Canales, Colby",1000052536,Slider,81.63077,-7.9984,-3.207647,,
,,,,,,,,,
"Quigley, Stephen",1000132354,"Gbur, Ben",1000209259,Slider,80.8634,-8.447148,-3.716131,,
,,,,,,,,,
"Quigley, Stephen",1000132354,"Gbur, Ben",1000209259,Slider,80.46127,-8.283494,-1.309131,,
,,,,,,,,,
"Quigley, Stephen",1000132354,"Gbur, Ben",1000209259,Fastball,90.06305,-6.864552,-0.250437,,
,,,,,,,,,
"Quigley, Stephen",1000132354,"Gbur, Ben",1000209259,Slider,80.78703,-7.742828,-2.35278,,
,,,,,,,,,
"Quigley, Stephen",1000132354,"Gbur, Ben",1000209259,Fastball,92.56583,-3.937702,0.327976,,
,,,,,,,,,
"Quigley, Stephen",1000132354,"Gbur, Ben",1000209259,Slider,80.97467,-6.086454,-1.055715,92.66959,
,,,,,,,,,
"Quigley, Stephen",1000132354,"North, Ben",1000122192,Fastball,92.43006,-6.186092,0.22218,,
,,,,,,,,,
"Quigley, Stephen",1000132354,"North, Ben",1000122192,Fastball,92.33917,-5.615489,-0.100161,,
,,,,,,,,,
"Quigley, Stephen",1000132354,"North, Ben",1000122192,Slider,82.87619,-7.909123,-5.30094,,
,,,,,,,,,
"Quigley, Stephen",1000132354,"North, Ben",1000122192,Slider,80.25795,-8.036314,-2.429068,,
,,,,,,,,,
"Cancellieri, Dominic",1000060883,"Studley, Jake",1000132385,Fastball,88.28087,-5.064518,0.019306,70.73594,
,,,,,,,,,
"Cancellieri, Dominic",1000060883,"Studley, Jake",1000132385,Fastball,89.80148,-4.892727,-0.771057,,
,,,,,,,,,
"Cancellieri, Dominic",1000060883,"Studley, Jake",1000132385,Fastball,90.36763,-5.281899,-0.32691,88.44111,289.55886
,,,,,,,,,
"Cancellieri, Dominic",1000060883,"Studley, Jake",1000132385,Fastball,91.04173,-5.721618,0.550967,68.0885,
,,,,,,,,,
"Cancellieri, Dominic",1000060883,"Studley, Jake",1000132385,ChangeUp,81.64829,-5.57312,1.545428,,
,,,,,,,,,
"Cancellieri, Dominic",1000060883,"Studley, Jake",1000132385,ChangeUp,79.89266,-6.986077,0.790059,84.94627,8.04163
,,,,,,,,,
"Cancellieri, Dominic",1000060883,"Broadhurst, Luke",1000133864,Fastball,90.131,-5.365573,-0.278407,75.82369,
,,,,,,,,,
"Cancellieri, Dominic",1000060883,"Broadhurst, Luke",1000133864,Fastball,89.78472,-7.62901,0.592392,,
,,,,,,,,,
"Cancellieri, Dominic",1000060883,"Broadhurst, Luke",1000133864,Fastball,90.69173,-4.55393,1.570756,63.84007,46.41
,,,,,,,,,
"Cancellieri, Dominic",1000060883,"Morton, Korey",1000099613,Fastball,90.18052,-4.246584,-1.319271,,
,,,,,,,,,
"Cancellieri, Dominic",1000060883,"Morton, Korey",1000099613,ChangeUp,81.50635,-7.2359,-1.228531,,
,,,,,,,,,
"Cancellieri, Dominic",1000060883,"Morton, Korey",1000099613,Fastball,90.29649,-4.828229,0.191152,,
,,,,,,,,,
"Cancellieri, Dominic",1000060883,"Morton, Korey",1000099613,Fastball,90.08565,-5.159579,-0.093632,79.92773,
,,,,,,,,,
"Cancellieri, Dominic",1000060883,"Morton, Korey",1000099613,Fastball,91.42549,-5.212571,0.189299,75.29888,
,,,,,,,,,
"Cancellieri, Dominic",1000060883,"Morton, Korey",1000099613,ChangeUp,80.91921,-7.354667,0.307294,,
,,,,,,,,,
"Quigley, Stephen",1000132354,"Meggs, Andrew",8898701,Slider,80.42486,-7.073897,-3.272091,,
,,,,,,,,,
"Quigley, Stephen",1000132354,"Meggs, Andrew",8898701,Slider,79.45633,-8.099216,-2.822209,,
,,,,,,,,,
"Quigley, Stephen",1000132354,"Meggs, Andrew",8898701,Fastball,90.13176,-4.957605,1.812076,,
,,,,,,,,,
"Quigley, Stephen",1000132354,"Meggs, Andrew",8898701,Slider,80.3986,-9.060268,-2.631504,,
,,,,,,,,,
"Quigley, Stephen",1000132354,"Meggs, Andrew",8898701,Fastball,91.00258,-4.495798,0.387082,81.22653,
,,,,,,,,,
"Quigley, Stephen",1000132354,"Meggs, Andrew",8898701,Fastball,91.06081,-5.909627,-0.829619,,
,,,,,,,,,
"Quigley, Stephen",1000132354,"Clifford, Nolan",1000099330,ChangeUp,86.42452,-6.974975,-0.625043,,
,,,,,,,,,
"Quigley, Stephen",1000132354,"Clifford, Nolan",1000099330,ChangeUp,83.11106,-5.796996,-1.76334,,
,,,,,,,,,
"Quigley, Stephen",1000132354,"Clifford, Nolan",1000099330,Fastball,91.67489,-4.630264,0.550357,,
,,,,,,,,,
"Quigley, Stephen",1000132354,"Clifford, Nolan",1000099330,Fastball,91.87743,-5.750425,2.29483,,
,,,,,,,,,
"Quigley, Stephen",1000132354,"Clifford, Nolan",1000099330,Fastball,91.84578,-5.02049,-0.170449,79.89,263.75092
,,,,,,,,,
"Quigley, Stephen",1000132354,"Lozano, Tyler",1000013465,Fastball,91.8475,-5.765504,0.732244,103.92561,387.69557
,,,,,,,,,
"Quigley, Stephen",1000132354,"Grace, Jack",1000078696,Slider,82.33977,-7.131383,-3.403698,,
,,,,,,,,,
"Quigley, Stephen",1000132354,"Grace, Jack",1000078696,Slider,80.7086,-8.514746,-2.030374,,
,,,,,,,,,
"Quigley, Stephen",1000132354,"Grace, Jack",1000078696,Slider,80.41745,-7.881887,-2.194031,67.47628,11.46677
,,,,,,,,,
"Quigley, Stephen",1000132354,"Hayes, Sterling",8900099,Fastball,91.8304,-4.908862,1.035138,,
,,,,,,,,,
"Cancellieri, Dominic",1000060883,"Garbowski, Matthew",1000090804,ChangeUp,80.8561,-7.778567,0.520624,98.58388,145.75091
,,,,,,,,,
"Cancellieri, Dominic",1000060883,"Padilla, Bryan",1000122972,Fastball,88.80931,-6.484993,1.974715,,
,,,,,,,,,
"Cancellieri, Dominic",1000060883,"Padilla, Bryan",1000122972,Fastball,89.47118,-5.468492,0.418849,,
,,,,,,,,,
"Cancellieri, Dominic",1000060883,"Padilla, Bryan",1000122972,ChangeUp,80.03569,-6.023327,0.5319,42.86263,5.11727
,,,,,,,,,
"Cancellieri, Dominic",1000060883,"Smith, David",1000090517,ChangeUp,79.76706,-8.325653,1.361693,,
,,,,,,,,,
"Cancellieri, Dominic",1000060883,"Smith, David",1000090517,Fastball,89.48633,-6.429719,0.358457,,
,,,,,,,,,
"Cancellieri, Dominic",1000060883,"Smith, David",1000090517,Fastball,89.38734,-6.716034,2.620946,,
,,,,,,,,,
"Cancellieri, Dominic",1000060883,"Smith, David",1000090517,Fastball,89.13038,-5.348511,1.00976,95.28001,280.95129
,,,,,,,,,
"Cancellieri, Dominic",1000060883,"Tammaro, Paul",1000187106,Fastball,90.15477,-6.024403,1.327912,,
,,,,,,,,,
"Cancellieri, Dominic",1000060883,"Tammaro, Paul",1000187106,Fastball,90.64739,-5.245899,-0.962512,91.70631,276.38248
,,,,,,,,,
"Cancellieri, Dominic",1000060883,"Tammaro, Paul",1000187106,Fastball,90.83194,-4.22677,-1.172109,,
,,,,,,,,,
"Cancellieri, Dominic",1000060883,"Tammaro, Paul",1000187106,Fastball,91.09906,-5.942303,-1.364729,,
,,,,,,,,,
"Cancellieri, Dominic",1000060883,"Tammaro, Paul",1000187106,Fastball,91.45616,-5.650859,0.093608,83.15586,275.50736
,,,,,,,,,
"Cancellieri, Dominic",1000060883,"Tammaro, Paul",1000187106,Fastball,91.28831,-5.834084,0.399955,84.5874,284.3925
,,,,,,,,,
"Quigley, Stephen",1000132354,"Sailors, Nolan",1000121572,Fastball,91.12826,-5.913288,0.697404,87.52313,236.13206
,,,,,,,,,
"Quigley, Stephen",1000132354,"Sailors, Nolan",1000121572,Fastball,91.30905,-4.70936,0.004923,56.43441,14.13767
,,,,,,,,,
"Quigley, Stephen",1000132354,"Canales, Colby",1000052536,Slider,82.22478,-8.550571,-4.683619,,
,,,,,,,,,
"Quigley, Stephen",1000132354,"Canales, Colby",1000052536,Slider,80.03418,-7.357867,-2.46512,,
,,,,,,,,,
"Quigley, Stephen",1000132354,"Canales, Colby",1000052536,Slider,81.8374,-7.280903,-1.838352,80.30389,289.59143
,,,,,,,,,
"Quigley, Stephen",1000132354,"Gbur, Ben",1000209259,Fastball,92.34763,-4.850092,1.023061,,
,,,,,,,,,
"Quigley, Stephen",1000132354,"Gbur, Ben",1000209259,Fastball,91.99809,-5.656215,-0.836396,,
,,,,,,,,,
"Quigley, Stephen",1000132354,"Gbur, Ben",1000209259,Fastball,92.79371,-4.86224,-1.479325,,
,,,,,,,,,
"Quigley, Stephen",1000132354,"Gbur, Ben",1000209259,Slider,80.66378,-7.578168,-0.669563,,
,,,,,,,,,
"Quigley, Stephen",1000132354,"Gbur, Ben",1000209259,Fastball,91.57461,-4.743606,0.302128,101.74784,383.50426
,,,,,,,,,
"Quigley, Stephen",1000132354,"North, Ben",1000122192,Fastball,92.53355,-5.324167,1.362363,61.45118,149.92091
,,,,,,,,,
"Quigley, Stephen",1000132354,"North, Ben",1000122192,Slider,80.06811,-6.271727,-1.56842,,
,,,,,,,,,
"Quigley, Stephen",1000132354,"North, Ben",1000122192,Slider,80.84532,-8.218692,-2.763731,,
,,,,,,,,,
"Quigley, Stephen",1000132354,"North, Ben",1000122192,Slider,80.33121,-7.871622,-1.746624,79.31756,5.88774
,,,,,,,,,
"Cancellieri, Dominic",1000060883,"Freeberger, Dominic",1000058975,Fastball,88.71588,-5.52272,0.24256,87.42251,202.27239
,,,,,,,,,
"Cancellieri, Dominic",1000060883,"Huber, Ben",1000122962,Fastball,88.74589,-5.544048,2.082216,,
,,,,,,,,,
"Cancellieri, Dominic",1000060883,"Huber, Ben",1000122962,Fastball,89.14753,-6.463955,1.487657,,
,,,,,,,,,
"Cancellieri, Dominic",1000060883,"Huber, Ben",1000122962,ChangeUp,80.93205,-6.755117,0.755054,,
,,,,,,,,,
"Cancellieri, Dominic",1000060883,"Huber, Ben",1000122962,Fastball,89.84627,-5.281892,1.538706,78.05782,4.93038
,,,,,,,,,
"Cancellieri, Dominic",1000060883,"Studley, Jake",1000132385,Curveball,73.48602,-10.885252,-0.600571,,
,,,,,,,,,
"Cancellieri, Dominic",1000060883,"Studley, Jake",1000132385,Fastball,90.19213,-6.900783,2.067287,,
,,,,,,,,,
"Cancellieri, Dominic",1000060883,"Studley, Jake",1000132385,ChangeUp,80.78152,-7.399729,2.223807,,
,,,,,,,,,
"Cancellieri, Dominic",1000060883,"Studley, Jake",1000132385,Fastball,90.38169,-4.685227,-1.348883,,
,,,,,,,,,
"Cancellieri, Dominic",1000060883,"Studley, Jake",1000132385,Fastball,90.58297,-4.925609,-0.562327,54.09054,57.24178
,,,,,,,,,
"Cancellieri, Dominic",1000060883,"Studley, Jake",1000132385,Fastball,90.5151,-6.559014,0.346638,101.1533,188.07613
,,,,,,,,,
"Cancellieri, Dominic",1000060883,"Broadhurst, Luke",1000133864,ChangeUp,79.59271,-7.376027,1.38181,,
,,,,,,,,,
"Cancellieri, Dominic",1000060883,"Broadhurst, Luke",1000133864,Fastball,89.06319,-6.529475,1.441445,,
,,,,,,,,,
"Cancellieri, Dominic",1000060883,"Broadhurst, Luke",1000133864,Fastball,90.92704,-2.928535,0.928706,,
,,,,,,,,,
"Cancellieri, Dominic",1000060883,"Broadhurst, Luke",1000133864,Fastball,89.96045,-5.352822,1.119711,,
,,,,,,,,,
"Quigley, Stephen",1000132354,"Meggs, Andrew",8898701,Slider,80.02816,-6.980902,-3.295944,,
,,,,,,,,,
"Quigley, Stephen",1000132354,"Meggs, Andrew",8898701,ChangeUp,83.93469,-7.128109,0.501878,,
,,,,,,,,,
"Quigley, Stephen",1000132354,"Meggs, Andrew",8898701,ChangeUp,84.42436,-6.869813,1.045219,102.50326,342.2809
,,,,,,,,,
"Quigley, Stephen",1000132354,"Clifford, Nolan",1000099330,Slider,80.33222,-6.95144,-1.609129,,
,,,,,,,,,
"Quigley, Stephen",1000132354,"Clifford, Nolan",1000099330,Fastball,90.58341,-6.353856,0.356571,66.84272,3.68591
,,,,,,,,,
"Quigley, Stephen",1000132354,"Clifford, Nolan",1000099330,ChangeUp,84.89843,-7.980046,0.929646,,
,,,,,,,,,
"Quigley, Stephen",1000132354,"Clifford, Nolan",1000099330,Slider,80.6635,-6.989488,-0.442878,,
,,,,,,,,,
"Quigley, Stephen",1000132354,"Clifford, Nolan",1000099330,Slider,80.66793,-7.675689,-2.802993,,
,,,,,,,,,
"Quigley, Stephen",1000132354,"Lozano, Tyler",1000013465,Slider,81.03999,-8.520981,-4.174373,,
,,,,,,,,,
"Quigley, Stephen",1000132354,"Lozano, Tyler",1000013465,Slider,80.61836,-9.670027,-2.809055,,
,,,,,,,,,
"Quigley, Stephen",1000132354,"Lozano, Tyler",1000013465,Slider,79.63398,-8.702555,-1.998431,,
,,,,,,,,,
"Quigley, Stephen",1000132354,"Lozano, Tyler",1000013465,Fastball,91.22846,-4.355701,0.455268,,
,,,,,,,,,
"Quigley, Stephen",1000132354,"Lozano, Tyler",1000013465,Slider,79.09582,-8.58583,-1.985685,,
,,,,,,,,,
"Quigley, Stephen",1000132354,"Lozano, Tyler",1000013465,Slider,80.71837,-8.768514,-2.271887,,
,,,,,,,,,
"Quigley, Stephen",1000132354,"Grace, Jack",1000078696,Fastball,91.37536,-5.466832,0.745675,70.94506,
,,,,,,,,,
"Quigley, Stephen",1000132354,"Grace, Jack",1000078696,Fastball,91.0022,-4.812884,-0.571568,,
,,,,,,,,,
"Quigley, Stephen",1000132354,"Grace, Jack",1000078696,Slider,79.32038,-6.744849,-1.971628,68.63512,85.70063
,,,,,,,,,
"Quigley, Stephen",1000132354,"Grace, Jack",1000078696,Fastball,91.40312,-5.002129,-0.894,,
,,,,,,,,,
"Quigley, Stephen",1000132354,"Grace, Jack",1000078696,Slider,80.7743,-6.849529,-1.882248,91.54654,281.43138
,,,,,,,,,
"Cancellieri, Dominic",1000060883,"Morton, Korey",1000099613,Curveball,73.0665,-11.472088,-0.084846,,
,,,,,,,,,
"Cancellieri, Dominic",1000060883,"Morton, Korey",1000099613,Fastball,89.14175,-6.684115,0.366344,,
,,,,,,,,,
"Cancellieri, Dominic",1000060883,"Morton, Korey",1000099613,ChangeUp,79.21385,-6.658718,-0.060455,,
,,,,,,,,,
"Cancellieri, Dominic",1000060883,"Morton, Korey",1000099613,Fastball,89.60609,-5.035004,-0.564682,94.26534,324.34632
,,,,,,,,,
"Cancellieri, Dominic",1000060883,"Garbowski, Matthew",1000090804,Fastball,89.20217,-6.461729,-0.299295,,
,,,,,,,,,
"Cancellieri, Dominic",1000060883,"Garbowski, Matthew",1000090804,Fastball,89.16921,-4.454205,0.594763,73.29342,
,,,,,,,,,
"Cancellieri, Dominic",1000060883,"Garbowski, Matthew",1000090804,Curveball,73.35427,-9.546329,-1.139189,,
,,,,,,,,,
"Cancellieri, Dominic",1000060883,"Garbowski, Matthew",1000090804,Fastball,90.75903,-4.4875,-0.313009,65.86143,179.51066
,,,,,,,,,
"Cancellieri, Dominic",1000060883,"Garbowski, Matthew",1000090804,ChangeUp,81.32557,-6.764742,0.929666,76.3574,174.32741
,,,,,,,,,
"Cancellieri, Dominic",1000060883,"Padilla, Bryan",1000122972,Fastball,88.94435,-6.104945,1.35724,87.44916,254.17793
,,,,,,,,,
"Fogell, Zach ",1000055206,"Hayes, Sterling",8900099,Fastball,90.90727,-4.972273,0.002417,104.08878,221.33797
,,,,,,,,,
"Fogell, Zach",1000055206,"Sailors, Nolan",1000121572,Fastball,92.07981,-5.023025,-0.608615,,
,,,,,,,,,
"Fogell, Zach",1000055206,"Sailors, Nolan",1000121572,Slider,82.10781,-8.624391,5.648125,,
,,,,,,,,,
"Fogell, Zach",1000055206,"Sailors, Nolan",1000121572,Slider,81.64355,-7.966771,2.710034,,
,,,,,,,,,
"Fogell, Zach",1000055206,"Sailors, Nolan",1000121572,Slider,82.82156,-6.97911,5.224612,,
,,,,,,,,,
"Fogell, Zach",1000055206,"Sailors, Nolan",1000121572,Slider,80.91348,-9.013315,3.643001,,
,,,,,,,,,
"Fogell, Zach",1000055206,"Canales, Colby",1000052536,Slider,82.93595,-6.284991,3.533033,,
,,,,,,,,,
"Fogell, Zach",1000055206,"Canales, Colby",1000052536,Slider,81.77071,-7.170802,2.979956,,
,,,,,,,,,
"Fogell, Zach",1000055206,"Canales, Colby",1000052536,Slider,81.95237,-6.794551,2.193989,,
,,,,,,,,,
"Fogell, Zach",1000055206,"Canales, Colby",1000052536,Fastball,93.64219,-4.964414,-2.768837,,
,,,,,,,,,
"Fogell, Zach",1000055206,"Canales, Colby",1000052536,Slider,82.30803,-9.182436,4.132445,,
,,,,,,,,,
"Fogell, Zach",1000055206,"Canales, Colby",1000052536,Slider,82.97518,-6.088085,2.141714,79.62781,216.8223
,,,,,,,,,
"Fogell, Zach",1000055206,"Canales, Colby",1000052536,Fastball,93.99899,-4.659875,-0.199728,82.07855,282.89611
,,,,,,,,,
"Fogell, Zach",1000055206,"Canales, Colby",1000052536,Fastball,94.09405,-2.37065,-0.472369,,
,,,,,,,,,
"Fogell, Zach",1000055206,"Gbur, Ben",1000209259,Slider,83.1432,-6.509572,2.657707,70.4527,
,,,,,,,,,
"Fogell, Zach",1000055206,"North, Ben",1000122192,Slider,82.34333,-6.97981,2.273233,72.28595,5.37345
,,,,,,,,,
"Fogell, Zach",1000055206,"North, Ben",1000122192,Fastball,93.27375,-5.126863,0.719517,,
,,,,,,,,,
"Fogell, Zach",1000055206,"North, Ben",1000122192,Fastball,92.98438,-4.779419,-1.447042,77.2763,
,,,,,,,,,
"Fogell, Zach",1000055206,"North, Ben",1000122192,Fastball,92.17671,-6.097772,-0.795097,,
,,,,,,,,,
"Fogell, Zach",1000055206,"North, Ben",1000122192,Fastball,93.7158,-3.217544,-0.803679,,
,,,,,,,,,
"Cancellieri, Dominic",1000060883,"Smith, David",1000090517,Curveball,69.5485,-8.258751,-0.92237,,
,,,,,,,,,
"Cancellieri, Dominic",1000060883,"Smith, David",1000090517,Fastball,88.13859,-5.720936,-0.133572,,
,,,,,,,,,
"Cancellieri, Dominic",1000060883,"Smith, David",1000090517,Fastball,88.66137,-4.701914,-1.421524,,
,,,,,,,,,
"Cancellieri, Dominic",1000060883,"Smith, David",1000090517,Fastball,89.07947,-5.677607,-1.535864,,
,,,,,,,,,
"Cancellieri, Dominic",1000060883,"Smith, David",1000090517,Fastball,88.69768,-5.031968,0.748152,80.3979,303.828
,,,,,,,,,
"Cancellieri, Dominic",1000060883,"Tammaro, Paul",1000187106,Slider,80.49382,-9.637137,-0.1162,,
,,,,,,,,,
"Cancellieri, Dominic",1000060883,"Tammaro, Paul",1000187106,Fastball,88.94381,-4.920337,1.227279,99.61442,238.09588
,,,,,,,,,
"Cancellieri, Dominic",1000060883,"Freeberger, Dominic",1000058975,Fastball,88.34436,-6.661641,1.703974,,
,,,,,,,,,
"Cancellieri, Dominic",1000060883,"Freeberger, Dominic",1000058975,Fastball,88.97627,-5.375606,1.495625,78.23224,6.719
,,,,,,,,,
"Cancellieri, Dominic",1000060883,"Freeberger, Dominic",1000058975,ChangeUp,79.99828,-5.834037,2.698562,,
,,,,,,,,,
"Lidd, Marc",1000054000,"Huber, Ben",1000122962,Slider,76.6424,-8.004008,-2.929008,,
,,,,,,,,,
"Lidd, Marc",1000054000,"Huber, Ben",1000122962,Slider,79.68924,-8.500693,-3.593452,,
,,,,,,,,,
"Lidd, Marc",1000054000,"Huber, Ben",1000122962,Slider,79.18971,-7.976202,-3.142094,,
,,,,,,,,,
"Lidd, Marc",1000054000,"Huber, Ben",1000122962,Slider,79.31023,-8.360863,-3.098255,,
,,,,,,,,,
"Lidd, Marc",1000054000,"Huber, Ben",1000122962,Slider,78.91588,-8.251418,-2.998081,,
,,,,,,,,,
"Lidd, Marc",1000054000,"Huber, Ben",1000122962,Slider,80.04865,-7.842393,-3.718378,,
,,,,,,,,,
"Lidd, Marc",1000054000,"Studley, Jake",1000132385,Slider,78.94159,-7.910717,-2.665706,,
,,,,,,,,,
"Lidd, Marc",1000054000,"Studley, Jake",1000132385,Slider,79.1108,-9.234789,-4.939649,,
,,,,,,,,,
"Lidd, Marc",1000054000,"Studley, Jake",1000132385,Slider,80.95599,-8.024601,-4.9914,,
,,,,,,,,,
"Lidd, Marc",1000054000,"Studley, Jake",1000132385,Slider,80.85174,-7.560282,-2.095056,,
,,,,,,,,,
"Lidd, Marc",1000054000,"Studley, Jake",1000132385,Slider,80.11524,-8.563114,-4.74421,,
,,,,,,,,,
"Lidd, Marc",1000054000,"Broadhurst, Luke",1000133864,Slider,80.11226,-6.49201,-1.179694,64.33486,184.91723
,,,,,,,,,
"Lidd, Marc",1000054000,"Broadhurst, Luke",1000133864,Slider,79.14182,-8.638897,-3.745101,,
,,,,,,,,,
"Lidd, Marc",1000054000,"Broadhurst, Luke",1000133864,Slider,80.89271,-8.578631,-3.045362,,
,,,,,,,,,
"Lidd, Marc",1000054000,"Broadhurst, Luke",1000133864,Slider,80.85872,-7.520889,-4.021928,,
,,,,,,,,,
"Lidd, Marc",1000054000,"Broadhurst, Luke",1000133864,Slider,79.17498,-8.477037,-2.513336,,
,,,,,,,,,
"Lidd, Marc",1000054000,"Morton, Korey",1000099613,Slider,81.26788,-9.452955,-3.473861,,
,,,,,,,,,
"Lidd, Marc",1000054000,"Morton, Korey",1000099613,Fastball,89.08719,-6.696739,2.552689,,
,,,,,,,,,
"Bergstrom, Paul",1000058643,"Morton, Korey",1000099613,Slider,75.09559,-7.841697,2.041945,,
,,,,,,,,,
"Bergstrom, Paul",1000058643,"Morton, Korey",1000099613,Slider,75.00659,-5.687296,2.757056,,
,,,,,,,,,
"Bergstrom, Paul",1000058643,"Garbowski, Matthew",1000090804,Slider,76.83021,-8.907447,4.345544,,
,,,,,,,,,
"Bergstrom, Paul",1000058643,"Garbowski, Matthew",1000090804,Slider,76.61944,-8.137502,4.474471,,
,,,,,,,,,
"Bergstrom, Paul",1000058643,"Garbowski, Matthew",1000090804,Slider,78.82627,-7.808113,4.240047,82.57107,263.27513
,,,,,,,,,
"Bergstrom, Paul",1000058643,"Padilla, Bryan",1000122972,Slider,74.62382,-6.620501,3.378139,,
,,,,,,,,,
"Bergstrom, Paul",1000058643,"Padilla, Bryan",1000122972,Fastball,85.23844,-6.744611,1.421859,,
,,,,,,,,,
"Lamb, Tommy",1000050943,"Padilla, Bryan",1000122972,Fastball,86.78604,-5.216235,0.224452,82.43423,
,,,,,,,,,
"Fogell, Zach",1000055206,"Meggs, Andrew",8898701,Slider,79.83915,-7.370057,2.954122,,
,,,,,,,,,
"Fogell, Zach",1000055206,"Meggs, Andrew",8898701,Fastball,92.58799,-3.571833,-0.103331,,
,,,,,,,,,
"Fogell, Zach",1000055206,"Meggs, Andrew",8898701,Fastball,92.38961,-3.670941,0.215853,,
,,,,,,,,,
"Fogell, Zach",1000055206,"Meggs, Andrew",8898701,Slider,81.17378,-8.208995,2.966314,,
,,,,,,,,,
"Fogell, Zach",1000055206,"Meggs, Andrew",8898701,Fastball,92.18631,-4.938824,-0.618265,,
,,,,,,,,,
"Fogell, Zach",1000055206,"Meggs, Andrew",8898701,Fastball,90.5881,-5.16189,-0.047264,70.98959,171.86908
,,,,,,,,,
"Fogell, Zach",1000055206,"Meggs, Andrew",8898701,Fastball,91.5314,-3.29615,-1.497828,,
,,,,,,,,,
"Fogell, Zach",1000055206,"Clifford, Nolan",1000099330,Fastball,93.01885,-3.872991,0.368793,,
,,,,,,,,,
"Fogell, Zach",1000055206,"Clifford, Nolan",1000099330,Slider,80.36579,-6.227389,2.487131,,
,,,,,,,,,
"Fogell, Zach",1000055206,"Clifford, Nolan",1000099330,Slider,81.27825,-5.839797,3.92971,,
,,,,,,,,,
"Fogell, Zach",1000055206,"Lozano, Tyler",1000013465,Slider,81.72686,-6.056215,3.686229,,
,,,,,,,,,
"Fogell, Zach",1000055206,"Lozano, Tyler",1000013465,Fastball,93.20672,-6.612932,1.508348,,
,,,,,,,,,
"Fogell, Zach",1000055206,"Lozano, Tyler",1000013465,Fastball,92.32571,-5.041028,1.087894,,
,,,,,,,,,
"Fogell, Zach",1000055206,"Meggs, Andrew",8898701,Slider,81.80293,-8.32942,3.871484,,
,,,,,,,,,
"Fogell, Zach",1000055206,"Clifford, Nolan",1000099330,Fastball,92.64206,-5.066316,1.399648,,
,,,,,,,,,
"Fogell, Zach",1000055206,"Gillen, Tate",1000077224,Fastball,91.46955,-6.405117,1.473338,,
,,,,,,,,,
"Fogell, Zach",1000055206,"Gillen, Tate",1000077224,Fastball,91.67459,-4.268407,0.004181,99.85309,79.82204
,,,,,,,,,
"Lamb, Tommy",1000050943,"Smith, David",1000090517,Fastball,87.12116,-7.165136,0.486342,,
,,,,,,,,,
"Lamb, Tommy",1000050943,"Smith, David",1000090517,Slider,77.75219,-9.361952,-0.157034,,
,,,,,,,,,
"Lamb, Tommy",1000050943,"Smith, David",1000090517,Slider,79.10659,-7.727121,-1.31415,,
,,,,,,,,,
"Lamb, Tommy",1000050943,"Smith, David",1000090517,Slider,78.99292,-5.923058,-0.560894,,
,,,,,,,,,
"Lamb, Tommy",1000050943,"Tammaro, Paul",1000187106,Slider,82.32772,-6.668793,1.566951,,
,,,,,,,,,
"Lamb, Tommy",1000050943,"Tammaro, Paul",1000187106,Slider,81.53255,-6.521717,0.771096,21.46231,19.62424
,,,,,,,,,
"Lamb, Tommy",1000050943,"Freeberger, Dominic",1000058975,Fastball,84.61026,-6.975026,1.44556,93.35305,15.91787
,,,,,,,,,
"Lamb, Tommy",1000050943,"Huber, Ben",1000122962,ChangeUp,77.20973,-7.611015,0.237785,,
,,,,,,,,,
"Lamb, Tommy",1000050943,"Huber, Ben",1000122962,ChangeUp,77.26472,-7.830524,-0.250382,,
,,,,,,,,,
"Lamb, Tommy",1000050943,"Huber, Ben",1000122962,Slider,83.24859,-8.662378,3.722301,,
,,,,,,,,,
"Lamb, Tommy",1000050943,"Studley, Jake",1000132385,ChangeUp,78.24339,-8.898782,-0.232317,,
,,,,,,,,,
"Lamb, Tommy",1000050943,"Studley, Jake",1000132385,Fastball,87.68288,-5.78901,0.160706,,
,,,,,,,,,
"Lamb, Tommy",1000050943,"Studley, Jake",1000132385,Fastball,88.18755,-6.985811,1.119843,,
,,,,,,,,,
"Lamb, Tommy",1000050943,"Studley, Jake",1000132385,Fastball,88.01733,-6.101033,0.760627,113.70568,2.51132
,,,,,,,,,
"Lamb, Tommy",1000050943,"Studley, Jake",1000132385,Fastball,87.50055,-5.540951,-1.819814,,
,,,,,,,,,
"Lamb, Tommy",1000050943,"Studley, Jake",1000132385,Fastball,85.72144,-5.646758,-0.310145,102.01876,267.97369
,,,,,,,,,
"Lamb, Tommy",1000050943,"Studley, Jake",1000132385,Fastball,88.21449,-6.641608,-0.601337,76.09978,4.6633
,,,,,,,,,
"Lamb, Tommy",1000050943,"Broadhurst, Luke",1000133864,Fastball,,,,,
,,,,,,,,,
"Lamb, Tommy",1000050943,"Broadhurst, Luke",1000133864,Slider,78.8607,-6.099361,-1.520066,,
,,,,,,,,,
"Lamb, Tommy",1000050943,"Broadhurst, Luke",1000133864,Fastball,87.99637,-4.751606,-0.01821,76.10556,237.24647
,,,,,,,,,
"Lamb, Tommy",1000050943,"Broadhurst, Luke",1000133864,Fastball,84.27362,-6.645365,2.179124,66.48999,178.52241
,,,,,,,,,
"Lamb, Tommy",1000050943,"Broadhurst, Luke",1000133864,Fastball,88.13345,-4.691987,-1.258306,,
,,,,,,,,,
"Lamb, Tommy",1000050943,"Broadhurst, Luke",1000133864,Fastball,88.36256,-5.687412,0.100696,78.42193,283.75504
,,,,,,,,,
"Willis, Justin",8899486,"Hayes, Sterling",8900099,Fastball,91.47706,-5.616976,0.356977,,
,,,,,,,,,
"Willis, Justin",8899486,"Hayes, Sterling",8900099,Slider,80.60613,-8.000449,-3.770663,,
,,,,,,,,,
"Willis, Justin",8899486,"Hayes, Sterling",8900099,Slider,81.74256,-7.34518,-3.952884,,
,,,,,,,,,
"Willis, Justin",8899486,"Sailors, Nolan",1000121572,Slider,79.10294,-9.891416,-3.691546,,
,,,,,,,,,
"Willis, Justin",8899486,"Sailors, Nolan",1000121572,Slider,80.73863,-7.174263,-1.397487,,
,,,,,,,,,
"Willis, Justin",8899486,"Sailors, Nolan",1000121572,Slider,80.60366,-6.230109,-2.451583,,
,,,,,,,,,
"Willis, Justin",8899486,"Sailors, Nolan",1000121572,Fastball,92.50994,-4.85924,-0.019876,,
,,,,,,,,,
"Willis, Justin",8899486,"Sailors, Nolan",1000121572,Slider,81.19639,-8.71475,-2.177871,,
,,,,,,,,,
"Willis, Justin",8899486,"Sailors, Nolan",1000121572,Fastball,93.0624,-4.261714,0.276647,,
,,,,,,,,,
"Willis, Justin",8899486,"Canales, Colby",1000052536,Fastball,92.49453,-4.227778,-0.870684,,
,,,,,,,,,
"Willis, Justin",8899486,"Canales, Colby",1000052536,Slider,80.29687,-9.999802,-4.260688,,
,,,,,,,,,
"Willis, Justin",8899486,"Canales, Colby",1000052536,Slider,80.30985,-7.326955,-3.498214,58.43612,3.32432
,,,,,,,,,
"Willis, Justin",8899486,"Canales, Colby",1000052536,Fastball,92.28371,-5.101125,0.925468,,
,,,,,,,,,
"Willis, Justin",8899486,"Canales, Colby",1000052536,Slider,81.23407,-9.045282,-3.951608,,
,,,,,,,,,
"Willis, Justin",8899486,"Canales, Colby",1000052536,Slider,80.7375,-7.475877,-3.876838,76.14378,112.12006
